,Unnamed: 0,0,1,2,3,4,5,6,7,8,9,10,11,12,13,14,15,16,17,18,19,20,21,22,23,24,25,26,27,28,29,30,31,32,33,34,35,36,37,38,39,speaker
0,0,-430.0914,46.44619,19.908724,18.681509,6.8602066,8.223965,0.47295907,-0.1847513,-6.014475,0.6217889,-4.7410774,-2.5675528,-6.154846,-1.4115762,-2.8901906,-6.7851844,-2.1930861,-5.6576133,-4.9728637,-6.9818473,-5.7006288,-5.8328595,-3.9508545,-4.5116878,-2.8501515,-1.8281056,-1.2602398,0.6383629,-0.088580206,-0.75457335,-1.2691079,-2.1148405,-1.5585117,-1.0941176,-1.3849269,-0.094697334,-0.4785184,-0.35535216,0.74407184,1.4937222,1
1,1,-407.5229,60.311943,21.766947,25.488987,4.886191,8.68088,-2.3431609,-1.5881131,-9.237796,1.5107281,-5.758578,-4.0689244,-8.091243,-0.8383987,-3.9404569,-9.075403,-0.9183667,-8.08823,-5.3973784,-7.884689,-7.1523767,-7.1062255,-3.7441156,-4.7970185,-2.1234448,0.7128406,-0.7744657,1.648165,-0.23144308,-2.6465874,-2.4960055,-4.2395186,-2.5757093,-0.5421869,-2.0042968,-0.089969344,-0.51780236,2.5444598,3.3444586,1.71197,1
2,2,-427.89276,53.040348,20.245531,23.329714,6.0552793,10.220951,-1.9212397,0.39915842,-9.622457,3.0588112,-6.9776406,-1.5718149,-8.074682,-0.7746149,-3.6350853,-8.493918,-1.2679031,-8.508823,-6.1634464,-7.512775,-4.6359563,-5.5815516,-1.0411903,-1.5892438,-0.20981786,0.38606486,-1.1679167,-1.7209015,-2.9139388,-3.758435,-2.102481,-3.7954628,-3.536743,-1.9592642,-3.6772025,-0.34428558,0.7324714,1.595295,2.3412254,2.21314,1
3,3,-483.89987,43.960743,17.601645,17.005375,3.3715708,8.620068,-0.5019569,-0.79906684,-8.0891695,1.2763877,-4.2889023,0.0445917,-6.6009746,-0.8272899,-3.0303364,-7.2760878,-0.28530216,-6.151247,-5.730772,-7.553081,-4.350557,-5.6783705,-3.7230053,-3.1272695,-3.1161184,-2.2058613,0.7557069,1.336264,2.1734154,2.0448952,0.26835144,-0.3608921,-1.949036,-2.0125098,-1.8327014,-0.36351162,-0.8284007,1.2430208,1.7993883,3.7832823,1
4,4,-411.9586,51.938656,18.27205,22.267841,3.8463097,8.492927,-1.8589233,-0.22019759,-6.712553,1.8141956,-6.4834323,-0.61505234,-8.0377245,-0.7263157,-2.2843404,-10.297489,-0.9700672,-7.272897,-6.2293215,-7.0837555,-5.963766,-6.615656,-3.857874,-3.509181,-1.8115952,-0.7988272,-0.36297983,-0.24110131,-3.0766983,-2.7927873,-2.1808581,-1.7707556,2.577958,4.1040053,3.2700808,3.2680533,0.18461233,-1.6909295,-2.5811107,-2.6879427,1
5,5,-399.5939,62.449844,20.717125,21.843243,1.3579463,6.379413,-2.1688766,-2.6862214,-9.44893,-0.56434375,-6.5657506,-3.1262572,-9.460815,-1.8338904,-4.313295,-10.2674465,-1.7833229,-9.124161,-6.0375285,-8.295493,-7.251217,-7.1006517,-4.6202126,-4.3676963,-2.4598505,-0.502318,0.26241854,2.691487,1.5605634,1.7205179,0.0913566,-1.9841151,-1.6210953,-2.4822052,-2.45974,-0.17983294,-1.5297532,-0.19803959,-0.78280944,-0.34120095,1
6,6,-380.42407,79.891884,31.436602,19.802893,-1.2104921,3.2021713,-5.137967,-0.26373762,-10.739339,-1.0688123,-8.353712,-3.0151901,-10.030105,-3.8076887,-5.1547437,-11.142219,-2.399745,-9.362421,-7.266527,-7.85337,-6.7068257,-6.5159426,-3.2848568,-3.1878073,-0.5211928,0.42013502,-0.2804549,-0.85298836,-2.8484783,-1.5927321,0.8594278,2.1425443,4.8728523,3.5273273,0.7798279,0.32829383,-2.3860915,-1.553989,-1.623618,-1.1870449,1
7,7,-429.08096,45.297195,16.549294,16.09,1.9412062,6.2421656,-2.1974952,-0.03721431,-7.8417077,0.930864,-4.650116,-1.8164265,-7.4582977,-2.55093,-4.305064,-8.390084,-2.2118044,-7.6363583,-5.4547844,-6.539744,-5.902688,-4.649665,-2.148636,-2.5921228,0.47042036,0.42158332,-1.0622426,-1.4313854,-2.203556,-2.139808,-1.2001084,-1.4092306,-0.6233321,1.1145977,1.6919652,4.1642494,3.1251948,1.1320019,-1.4660509,-2.1891062,1
8,8,-422.82422,49.70121,18.60149,16.892696,1.7528118,8.442463,-2.8854985,1.2330751,-8.76816,1.801192,-5.863504,-1.265677,-7.6635942,-2.598305,-2.9372818,-8.442986,-1.5966276,-6.809981,-5.6738296,-7.4491634,-5.197562,-4.9445868,-2.3638053,-2.5401006,-0.6037909,-0.63161623,-0.110040404,-0.28881127,-1.8439647,-1.4493835,-0.67108685,-2.109943,-1.8397388,-0.8218407,-2.544367,-0.5834333,-0.6827971,0.020210207,-0.14498901,-0.01606322,1
9,9,-419.45053,48.051666,11.87533,13.637208,-0.26375827,4.756537,-1.460361,-0.7583146,-7.23553,0.8171178,-3.9322062,-1.939018,-7.6993775,-2.2775247,-3.785521,-8.415927,-2.5213847,-7.545943,-5.4269953,-6.6053905,-5.43822,-4.4491525,-1.9548211,-2.8288283,0.24953473,1.6593142,0.9899764,0.8363903,-0.9262504,-1.2432904,-1.1678525,-1.8402578,-1.3102292,0.4964975,-1.4421749,-0.5107679,-1.2030749,-0.24872114,-0.20757769,-0.4707733,1
10,10,-422.8994,44.353523,15.391832,18.066824,0.18525015,5.8922186,-3.8207362,0.56560546,-9.667886,0.9124407,-9.353982,-0.69625044,-8.09626,-2.3504667,-3.2781096,-10.203645,-0.74604505,-6.3628116,-6.105591,-7.2233763,-3.8599572,-4.11958,0.77214414,-0.395001,1.4471362,0.07836808,-2.791758,-2.791233,-3.0585244,-0.5672743,3.5843542,3.6846333,4.5165358,3.6718087,0.1441948,0.83601683,-2.441063,-0.99892354,-1.6429935,-0.6676757,1
11,11,-438.56894,43.824226,14.876443,17.246971,5.1916347,8.0412245,-0.7059373,-0.6955184,-4.1244864,1.7575709,-5.2331786,-1.3159257,-5.800944,-2.1431134,-3.1508946,-7.457072,-2.8835166,-5.750135,-6.0871387,-7.3358493,-4.2657065,-5.3580623,-3.3810272,-2.9352436,-1.2572094,-0.7366532,-0.15795769,-0.4491602,-2.1378443,-1.9339728,-1.6816256,-1.1612321,0.45112017,1.5014149,1.1340957,2.3914971,2.0019045,1.8433111,-0.06393157,-1.8370277,1
12,12,-405.3559,58.487694,21.132196,20.448626,5.328466,7.4945884,-0.43440175,-1.1748048,-7.2397876,-1.0617043,-4.279329,-3.3989646,-7.6198936,-2.6809661,-4.430078,-8.465659,-3.2039196,-7.3155236,-6.4321666,-7.349751,-5.9176474,-5.080859,-2.7569506,-3.2920053,-1.5137949,-0.45522356,-1.8876544,-2.071834,-4.3897433,-3.8862348,-2.873901,-3.154698,-2.1241775,-1.8198951,-0.6825571,0.871359,1.944012,2.7520893,1.2659234,-0.21109225,1
13,13,-385.2782,77.18537,31.694122,25.867737,1.439386,5.420837,-4.6119475,-3.5676193,-11.682499,-1.7316597,-7.526151,-3.5744367,-10.787128,-4.8411407,-5.2534275,-10.784698,-2.9409983,-7.8320312,-5.73525,-6.9747458,-5.7702928,-4.4773655,-1.5336906,-2.3717225,-0.16515714,-0.8073951,-1.9436702,-2.3727846,-4.179529,-3.2674003,-2.2115402,-3.4138992,-3.0304964,-2.1854856,-2.2496612,0.29479083,0.26319826,0.3777802,0.11813132,2.489975,1
14,14,-390.13974,65.464615,26.522638,25.173925,3.0821917,5.742022,-4.131986,-1.4710088,-8.536025,0.54425853,-6.7683916,-2.2979898,-8.831673,-2.0261555,-4.155252,-10.279571,-2.7673147,-6.797652,-5.9970694,-8.084893,-4.91672,-5.7352486,-2.0066576,-2.8115067,-1.0328873,-0.7267444,-2.1434948,-3.051417,-5.095735,-5.120525,-2.8967257,-2.0982263,-0.66407317,2.3668745,2.0327108,3.886961,1.0887673,-0.9708576,-3.607278,-3.0934021,1
15,15,-391.84033,52.436913,13.369794,16.86561,-0.80777544,4.162036,-4.6034436,1.3056366,-9.834419,0.4647852,-5.9460783,-0.8760462,-8.482397,-1.7656164,-3.2697895,-9.194877,-1.6796868,-6.993764,-4.805759,-5.9368963,-3.3384178,-4.219238,-0.3788949,-0.79744476,0.3787195,0.2510936,-1.7826872,-2.0902815,-2.971295,-2.8631024,-0.2430861,-1.6772192,-1.753787,-0.8286394,-1.7118096,0.54735756,-0.55390483,0.5581189,-0.068855874,0.40982884,1
16,16,-384.69708,56.87066,21.961065,21.314991,4.9277134,9.179517,-0.41650155,1.489237,-7.7958913,1.3328952,-3.8808217,-2.379228,-8.893652,-2.5490701,-4.9700823,-10.001531,-5.1928935,-8.218925,-4.8004646,-7.2521143,-3.9706247,-2.921054,-0.18380386,-3.018041,-3.2929585,-5.451662,-5.9514656,-3.4203467,-4.3533072,-4.0641937,-3.8788185,-4.1597376,-2.1714792,1.4422034,2.048447,2.1836777,1.4854919,1.8055214,-0.93790233,-1.9768318,1
17,17,-379.4885,61.849854,17.282198,24.281168,-0.33983508,2.9120204,-1.6656635,-1.2166492,-9.498428,0.8621715,-6.9939113,0.79859114,-10.469341,-2.8175516,-2.7462258,-10.658102,-1.6464219,-8.193551,-6.5863633,-7.3330894,-3.7362893,-5.2855315,-0.6488441,-0.6454222,0.5315261,1.5112815,-1.2549095,-1.7589812,-3.0407133,-2.7537646,-1.5174751,-1.8809493,-1.280969,-1.2427865,-1.7039742,1.1719632,0.4611609,2.0669274,0.31656376,-0.17488673,1
18,18,-393.7325,52.20718,13.694789,23.348343,0.4645691,4.578743,-2.4338763,0.9229161,-8.958291,1.5278527,-7.041069,-0.6581282,-8.415101,-2.550091,-4.4191465,-10.185816,-2.293958,-9.192366,-5.1357965,-7.6424394,-5.2895184,-4.633972,-1.2009706,-1.831932,0.10971961,-1.2185986,-4.086002,-3.550587,-2.5991604,0.78951156,4.531316,5.0965514,3.1286952,0.9366362,-2.0622687,-1.4262536,-2.8192716,-0.24831998,-0.46306387,-1.2813623,1
19,19,-365.2916,68.03564,22.623625,25.628798,0.7745662,3.3358617,-4.5239744,-1.8511144,-10.815621,-0.08153933,-7.523639,-2.1913471,-10.131466,-3.3013237,-4.943152,-10.465758,-3.559932,-9.37004,-5.8721466,-8.02308,-4.4772573,-4.822725,-0.9685322,-2.2878802,-0.73929614,-1.2982934,-4.344317,-3.3418436,-4.1646986,-4.0427275,-1.7552972,-2.6053057,-2.2676537,-0.056383103,-1.3226392,1.2471988,0.061685182,0.8801593,-0.20146972,-1.2453389,1
20,20,-398.59592,47.451427,9.475687,16.672827,-3.0950234,3.4116273,-4.7080336,-0.9163883,-8.339695,0.31649944,-6.1537175,-0.7308328,-9.885189,-0.9433753,-3.988459,-10.406058,-1.6660496,-9.027971,-4.9554443,-6.8725767,-5.163175,-4.700719,-0.7883734,-0.30157012,0.5241786,-0.2177718,-1.6584744,-3.2416706,-2.965987,0.70431167,3.6864498,4.495524,4.0919337,2.5981047,0.11326869,0.6055659,-0.9099369,-0.39847586,-1.4417864,-0.34641787,1
21,0,-424.09518,52.485077,18.782385,16.898788,4.8730865,4.7921696,-1.9896017,-0.25305152,-5.846754,0.70615524,-3.7241254,-1.2023945,-5.200604,-1.6509746,-2.678068,-5.898338,-1.4461187,-4.462193,-4.171465,-5.6278615,-3.2834218,-5.307618,-2.4119604,-2.478563,-2.6145039,-0.50777584,-0.74369365,-0.044559304,-0.6408067,-1.3094096,-0.39376765,-1.0925355,-1.6242387,-1.097811,-2.2138455,-1.3665054,-1.3248756,-0.08401518,1.5086917,2.3427472,1
22,1,-437.69684,56.193516,21.704893,15.214045,2.0726385,3.566322,-5.2032104,-3.3589709,-9.785261,-1.6038677,-4.0883684,-1.914651,-5.508856,-1.8264887,-2.8290815,-6.241131,-3.2888799,-5.9829407,-5.606765,-5.710328,-3.4321208,-6.0592637,-1.9576443,-2.1221416,-1.7269974,-0.8577773,-1.595578,-1.5894943,-2.4357426,-2.3763483,-1.382019,-2.0905633,-2.3605764,-1.4962132,-2.9012077,-1.4397554,-0.9825854,0.11412195,0.6880658,1.7787521,1
23,2,-431.92883,46.152817,12.916808,14.465375,2.3191452,4.7622457,-3.3957655,-0.9688251,-8.040655,-0.917904,-6.269949,-1.980843,-5.4013915,-1.2591395,-2.8791397,-6.3900747,-0.9918625,-5.382944,-5.4149895,-5.4596677,-3.0556505,-6.0349345,-2.6784015,-1.9461949,-1.3438752,-0.21661095,-0.71288294,-0.23020048,-1.2258459,-2.5974774,-1.7735487,-2.7344346,-3.0186737,-1.8610691,-2.5057256,-0.36438558,0.29500076,1.6476659,2.3951488,1.9469178,1
24,3,-378.3556,74.600494,29.559547,16.303595,-0.41271833,-0.020387385,-4.933027,-2.2878985,-9.877734,-2.90847,-5.8084674,-4.1793756,-7.821981,-3.193349,-4.2655244,-6.9118953,-3.674994,-7.878001,-6.652451,-8.03281,-4.364927,-4.3455143,-0.9091466,-0.5454821,-0.5385309,-0.68520343,-1.5845845,-2.194996,-2.760404,-2.3739476,-2.807611,-2.8364651,-3.4118953,-2.292868,-2.4802458,-0.86923844,-0.22997653,0.7923575,1.6333781,1.3990016,1
25,4,-406.91965,61.92781,25.680658,18.106737,3.8705754,2.3451016,-5.39022,-3.3459222,-7.676175,-1.8554827,-5.5924573,-3.99686,-6.8251133,-3.3123155,-5.2946997,-6.297726,-3.8885682,-5.995623,-2.9936154,-5.10833,-2.596147,-2.7427573,-3.0910697,-2.4053571,-2.2491832,-3.3213754,-2.246983,-2.3597484,-3.177426,-2.0755234,-1.0809042,-1.6489481,-1.8464231,-2.353956,-2.7819443,-2.2724082,-1.8645926,-1.1558405,-0.46860132,0.3468918,1
26,5,-399.1846,64.49104,20.424623,11.650071,2.5199652,4.9162645,-4.0157475,-0.88209474,-5.3474965,-0.13009982,-4.3217134,-2.0412827,-4.853919,-2.961605,-3.5321608,-5.8398075,-3.3032746,-5.385163,-3.0817153,-2.803682,-1.4597758,-3.950309,-2.647643,-3.0608194,-3.1009147,-3.2856393,-3.1651406,-2.8581893,-3.802431,-3.2121902,-2.7390509,-3.2544518,-3.3134933,-2.229695,-2.2187471,-1.613984,-0.5730553,0.6256659,1.2179408,2.1524231,1
27,6,-424.43524,69.8252,26.328798,19.74094,7.695909,4.500366,-5.504852,-3.9289405,-5.222104,-1.4896111,-6.925671,-4.471412,-6.2054873,-4.3700886,-5.1439223,-6.8725348,-4.216923,-6.554237,-5.483358,-5.230446,-3.853369,-5.0756755,-2.4872587,-4.555252,-3.9826427,-3.3020673,-2.8240309,-0.22085619,0.03624244,1.2255481,0.41065192,-1.3493596,-2.3264596,-2.5521686,-1.6563721,-0.7155518,-2.6364663,-1.3480799,-1.2912229,-1.4663587,1
28,7,-438.11435,50.57976,13.698188,9.835866,-4.2466774,0.3201967,-7.0423884,-5.26054,-9.751262,-2.3752367,-1.7869451,-1.6483114,-7.6965904,-3.145863,-4.7991605,-7.395068,-3.525041,-7.2457814,-5.7525945,-5.2769227,-1.5130581,-1.749048,0.8983484,-0.035850056,0.39314047,0.2366635,-1.755757,-1.0389462,-2.7808251,-2.7738628,-1.7981484,-3.46377,-3.460009,-3.171009,-3.1310136,-1.0106281,-0.24330021,1.6576315,2.894671,4.685989,1
29,8,-422.6697,52.38634,10.1163645,11.14505,-2.0025086,2.3937955,-5.8979797,-3.8240542,-8.640631,-2.2633796,-4.340521,-2.9627144,-6.6260643,-2.0157754,-4.617737,-6.9221053,-1.7126298,-5.647958,-4.940486,-5.908857,-2.793987,-3.862855,-1.4582767,-0.4177921,-0.35468632,-0.5439044,-1.0861816,-0.41763246,-1.3010592,-1.1385928,-0.21202545,-1.6722234,-1.1008477,-0.63022816,-1.4912524,-0.36038315,-0.6450388,0.8694754,0.83537817,1.8371003,1
30,9,-419.65588,46.972557,10.426243,11.279725,-1.1696439,0.3406149,-4.605604,-5.0878863,-7.0662932,-3.1597505,-5.540547,-3.4037523,-7.5017605,-2.3148403,-4.7303233,-7.854418,-3.1035573,-6.7654576,-4.6659913,-5.134354,-3.6422985,-3.4497635,-1.0401479,-1.105622,-0.7570215,-0.48073405,-0.8768158,0.49746656,0.32600862,2.0332453,2.7176013,1.9761916,0.8751525,-1.0642169,-1.6014557,-1.1202755,-1.4187242,-0.8148029,-1.0446575,-1.4145851,1
31,10,-410.5051,40.41972,9.412056,11.669676,-0.5524987,2.6110222,-3.4765766,-2.0065951,-6.5105433,-1.7025986,-3.1542463,-0.32124606,-6.225138,-0.72211915,-2.960288,-6.031799,-1.5107034,-6.2671084,-4.4630213,-5.4784527,-4.252905,-5.174694,-2.199791,-2.5702698,-1.8457078,-0.024461893,0.11184387,0.9288525,0.22998434,0.19955814,-0.6065879,-1.7438136,-0.15488897,0.9234337,1.8529302,3.4686444,1.1029022,-0.31127074,-1.7694249,-1.2155881,1
32,11,-413.07062,42.223286,7.9017477,8.830102,-3.5389926,0.16377963,-6.16734,-5.488704,-7.9952497,-2.6826923,-4.6294117,-2.1195235,-8.008766,-3.022263,-3.903681,-7.856575,-2.393403,-5.861899,-4.32848,-4.499622,-2.9704328,-3.01506,0.0485618,0.3169827,0.8557781,1.0855474,0.4368394,0.4237973,-1.2207527,-0.9841305,-0.0015666374,-0.01672023,0.7978299,1.2332033,0.82354623,0.896513,-1.8161948,-2.1850781,-3.0745957,-1.2678725,1
33,12,-403.20306,38.13422,7.8427424,8.55083,-2.6805007,1.1779921,-3.418558,-3.3817148,-6.886788,-2.7841108,-4.679809,-2.9277728,-7.15213,-2.2732458,-3.1889782,-6.398178,-3.0667126,-6.0867696,-4.492299,-5.1389203,-4.178634,-4.364547,-1.7184004,-2.0354052,-0.96133715,-0.29180098,-0.83600426,1.3146057,1.1909884,1.8454218,3.041817,2.2616081,1.5277449,0.064532615,-1.3062611,-2.0981345,-2.6489606,-1.2628908,-0.860851,-0.63781476,1
34,13,-454.13486,45.93317,15.865415,13.628548,-0.4080266,3.375578,-4.289394,-6.4379716,-9.116124,-2.8576903,-6.7810745,-2.936926,-4.9517417,-1.9849529,-3.6318142,-5.3504524,-1.7812558,-5.8706574,-4.767525,-4.99548,-4.0988584,-4.4545655,-2.7386272,-3.107569,-1.5530826,-1.8398561,-2.4907095,-1.7287607,-3.2335956,-2.825795,-1.5868891,-2.585544,-0.72425765,0.54310197,0.65031934,2.7279892,1.5762253,0.73041314,-1.2482828,-1.5849516,1
35,14,-409.07895,35.596928,7.808085,10.300739,-0.8501765,1.5955898,-2.9657812,-3.9644809,-5.0393395,-1.5041482,-4.3436627,-2.8062975,-5.2725024,-2.5740442,-4.680956,-6.6479006,-2.5858214,-5.526537,-4.0470214,-3.76359,-3.1771472,-2.534656,-1.2955693,-1.6895647,-0.79515064,-0.5729621,0.41214272,1.7374977,0.6029928,0.647963,-0.9140924,-3.9919505,-3.1747043,-2.045934,-1.8272443,-1.5023677,-2.1134298,-1.3673415,-1.2920655,0.4481572,1
36,15,-416.6989,44.893585,10.615052,8.839632,-1.7422537,-0.8263703,-6.6436796,-5.7816825,-7.970582,-2.2352648,-2.2108552,0.2540624,-4.333567,-0.8624069,-2.6368666,-6.9704957,-3.5141723,-6.5796313,-5.4893026,-5.158045,-4.2641797,-4.010948,-2.1140566,-2.0028524,-1.1382669,-0.8291126,-0.60145354,-0.19185005,-0.7298976,-0.4232153,-0.31941986,-0.84950423,-0.7813467,-1.2819661,-0.6969831,0.56767935,-0.096889146,0.525139,-0.21977685,-0.30009362,1
37,16,-436.51328,42.867313,10.98464,10.989164,-0.9470567,2.6110723,-5.042438,-5.2805557,-7.2043476,-3.2925007,-4.990383,-2.7737765,-6.0348964,-3.0584898,-3.60091,-6.80911,-3.6084323,-5.975264,-5.179207,-4.323795,-2.738684,-2.3177383,-0.03273157,-0.36349264,-0.57626873,-1.9378091,-2.6775131,-2.6106238,-2.7715294,-0.6462878,0.9477423,0.9090957,2.1206932,1.7256168,0.2745042,-0.088775076,-2.2350414,-1.3337729,-0.92085385,-0.58717614,1
38,17,-429.02505,56.604324,21.318043,18.99578,5.8373065,4.9811325,-4.154631,-4.7730675,-6.9382606,-2.3831928,-4.6405244,-1.0806328,-6.532662,-3.1891978,-3.123508,-7.3243566,-3.8432941,-5.7309694,-5.95114,-5.4842005,-3.1727061,-4.348094,-3.2815566,-4.4508724,-2.892029,-3.5645504,-3.0774903,-2.3537784,-3.4256024,-2.9914062,-3.1040475,-3.618448,-3.667847,-2.8016922,-2.9372227,-1.1528189,-1.0090446,1.1428052,1.3725759,2.192444,1
39,18,-465.3309,45.11872,17.241459,15.426928,5.1805396,2.9463506,-4.0017014,-6.156253,-7.846354,-3.6836674,-4.5956154,-2.2899382,-4.525441,-2.2782676,-2.800448,-5.3154325,-2.0692406,-5.092283,-5.1094146,-4.217638,-3.3454797,-3.794143,-2.9220269,-3.4602792,-2.957615,-2.6775236,-2.3416772,-1.8615603,-2.5257373,-1.0525584,-0.20730588,-0.62890095,0.41999182,0.65928525,0.06863491,0.50647044,-1.2769856,-0.60299766,-0.97661227,-0.23666334,1
40,19,-437.10422,50.79549,18.30097,17.303814,2.815863,2.7578878,-5.7593107,-6.719689,-7.4839873,-2.5170965,-4.433908,-0.6659209,-5.022757,-1.5235487,-2.345991,-6.458452,-3.2717233,-7.740689,-5.9688387,-5.1448727,-4.142334,-3.7398758,-2.3813236,-2.8560145,-2.3889973,-3.0012176,-3.114997,-1.966915,-2.3884516,-1.3419755,-1.2186966,-1.9794021,-0.5127348,-0.8902445,-0.82114303,-0.5233222,-3.03755,-2.055413,-2.6183543,-1.2352117,1
41,20,-455.73352,49.3834,16.95718,16.058582,3.4729242,5.231702,-4.4084764,-4.2704554,-6.13179,-1.4938108,-4.3426914,-2.8279338,-5.526712,-2.987338,-3.9928133,-6.525862,-3.421652,-6.3311186,-5.2577925,-4.058508,-3.3574107,-3.3014095,-1.3430287,-3.0052693,-1.9383665,-2.7738104,-2.6924453,-1.6843193,-2.555031,-2.1218565,-2.2454329,-3.0458984,-1.862472,-1.1217569,-0.6259884,1.7851408,-0.102723576,0.34128207,-1.5931122,-3.231195,1
42,0,-631.0667,50.624195,7.2258844,26.889431,2.894356,13.031893,5.419765,-1.4343874,2.5708313,0.48483804,-7.0544252,1.3662066,-4.118953,-2.8949094,-1.4699136,-8.499128,-1.1031442,-2.1846364,-1.7966498,-1.5658164,-1.9738203,2.3160684,1.1727798,-0.018581178,1.8120664,-2.4287088,1.0809201,0.34082162,-0.25813568,2.5210009,0.78744197,0.5174535,-2.2432346,-1.3111687,-1.309381,-2.1726944,-2.330505,-2.2080631,-3.570169,-2.3273647,0
43,1,-662.7434,53.78706,12.210201,25.574696,4.7854557,12.392915,3.8395793,-0.04576026,1.6336608,-0.6236115,-8.272601,1.1861669,-3.4797668,-1.218149,-1.9351072,-9.218488,-1.925416,-1.0509406,-1.3019038,-2.5357785,-1.6162795,1.0552919,2.6687083,-1.2134039,-0.5090614,-1.190091,0.4578734,-0.9648008,-1.8829713,0.51614916,2.1060774,3.4945166,0.83245605,0.46238306,-0.40535772,-0.85352015,-3.2796915,-3.1682582,-2.8080618,-0.9878223,0
44,2,-637.1046,62.65635,14.215131,23.19305,4.733357,11.557106,3.72928,0.56446755,-2.3301008,-0.41438413,-7.4039164,0.40033326,-4.7725177,-3.2076037,-3.1184947,-10.404595,-1.0074774,-4.4221535,-2.2949717,-3.5210063,-5.7587366,1.5438439,2.332283,-0.95098007,-1.6817704,0.07645289,-0.46679786,-1.1702623,-0.9281688,-0.9383372,2.523558,2.8115048,0.60165817,-0.14672607,1.3499563,-1.6787809,-3.0883927,-3.470305,-2.6161983,0.54392934,0
45,3,-641.2322,51.47559,9.0072365,25.423521,0.97538644,11.964643,-1.0819539,0.18487266,1.6039027,-1.7542173,-8.995835,1.4058869,-4.9018564,-2.2081218,-2.006112,-10.779682,1.5256724,-2.5849378,-2.3605633,-1.0825645,-2.0150797,1.0943805,0.70612097,-0.1648805,-1.0828383,-0.92369074,1.4210292,-1.3749423,-1.7444807,0.5137288,1.0328985,2.3250856,0.786523,1.067792,2.1154141,-1.1180643,-2.7878492,-3.932027,-3.025792,-0.30118886,0
46,4,-675.0066,73.25242,11.409149,17.646175,7.140621,13.770519,5.780341,4.250672,-0.0403003,-1.037591,-4.021119,-1.7308533,-4.1798315,-2.2094083,-3.087112,-8.331788,-0.72490704,-0.8445246,-0.9852788,-2.8064382,-5.2327614,-0.47736657,2.1134899,-1.077049,-1.0921597,-0.003565965,1.5383159,2.035428,-0.564923,-1.3336768,0.67216736,1.9953595,-0.13700055,0.2229504,1.7902999,-0.56457657,-2.1943567,-2.932217,-2.5370696,-0.72723836,0
47,5,-666.9893,61.006973,16.42581,24.458288,4.5032706,13.321825,3.5361757,0.77337354,1.3016535,-1.8670144,-8.336608,-0.35020643,-4.7974887,-2.3905451,-3.5645127,-10.026147,-1.309466,-1.4440635,-1.4471506,-3.6058202,-3.62188,-0.16351968,2.0065053,0.36630827,0.3431597,-1.7600055,0.12301452,-1.0233648,-2.55061,-0.17639062,0.6592238,2.2787042,-0.2426774,-0.3185979,-0.1258417,-0.029413717,0.07141706,-1.2081996,-2.5353918,-0.6833771,0
48,6,-661.7017,53.665092,14.159746,27.596191,6.8203335,14.502838,6.0635366,0.62822753,1.8588614,-0.5883034,-6.749761,1.0827448,-4.984678,-0.9763143,-2.0474925,-9.60808,-0.52209496,-1.5325507,-2.5687666,-3.6518583,-3.3345509,-0.082118265,2.5984876,0.6925091,1.1498761,-0.20915876,1.9396951,-0.45054895,-2.8318055,0.20114172,-0.2575742,2.5396101,1.9582804,1.8017776,2.0887945,0.45408672,-1.573175,-2.8394642,-2.925974,-1.0994861,0
49,7,-651.7817,63.040447,15.822974,26.521765,5.3805113,17.963774,5.5279393,3.083084,4.896999,0.7928409,-7.0875454,2.4485352,-3.8715944,-0.10809072,-1.1303302,-8.794628,0.99863076,-0.99038464,-2.3211849,-3.1217906,-3.9577656,-0.25100493,2.9191988,-0.41957164,1.3734962,-1.8605562,0.5986934,-0.28620276,-1.9567971,0.91539186,1.1064237,3.6847124,0.7535165,0.116524875,-1.0700622,-1.9633874,-2.4459915,-2.351073,-2.398433,0.21430856,0
50,8,-647.2128,61.41623,21.441776,27.590569,9.949554,19.48568,11.069015,3.483937,3.5700164,3.8160405,-2.043674,3.5437775,-2.1321018,-0.8388016,-2.2519186,-8.188843,-0.5803911,-4.841472,-4.130705,-4.207514,-5.3445406,-1.8386338,-0.92506194,-1.9121773,-1.5860924,-2.9720585,-2.4251347,-2.9093306,-3.6865528,-1.7602576,-0.29635894,1.8875219,0.90306425,-0.7658527,-1.1884269,-2.3882396,-2.1687567,-1.5636961,-1.576056,-0.44251484,0
51,9,-648.4213,64.10402,17.34006,29.824097,8.0222025,18.221731,9.151746,3.305838,5.08512,0.34389636,-5.2452636,3.50844,-2.5196111,0.8945516,-0.4003563,-6.351873,2.260194,-0.044552203,-1.3432343,-3.111852,-4.1594353,-0.62228954,1.893364,-1.1124687,-1.082325,-3.2569976,-1.2592614,-1.7975814,-2.5613923,0.93733865,2.1861513,3.772352,0.39210314,-1.5456588,-2.7760065,-3.8016725,-3.8853343,-4.1366134,-4.370599,-2.1289434,0
52,10,-647.9907,50.86235,10.254354,26.549501,2.9452465,13.619701,6.7592716,1.0260117,3.2568388,-1.949077,-8.274728,1.9418516,-3.7545035,-0.2360604,-3.1253724,-9.11953,-0.43293163,-2.0321765,-1.6193933,-2.1828427,-1.6114571,1.8342936,3.2405248,0.8004842,2.127631,-1.6859787,0.311426,-0.7075013,-1.6463073,1.3925532,1.0450069,2.5248811,0.8056599,0.7721919,-0.5619169,-1.4339556,-3.3433776,-2.6599405,-2.7131715,-1.3898273,0
53,11,-749.0118,97.445305,-2.8546216,31.915405,3.1448233,21.349566,0.18456106,12.268492,-8.544503,7.166435,-7.447069,1.4713193,-7.916254,-2.4049747,-10.761322,-3.0362616,-8.706416,3.5411258,-3.7326994,0.092554666,-9.229218,2.9658926,0.037799906,4.872698,-4.0397835,3.502524,-5.1978264,3.7196472,-3.998003,0.8124984,-0.7377072,5.6948504,-1.917882,1.8463318,-3.4546933,0.51207,-2.984583,-1.229241,-4.8247137,1.3500108,0
54,12,-649.6777,58.436054,13.505034,25.37184,6.041042,14.28912,4.6191845,-0.5352314,2.4738736,-2.6220012,-9.014733,1.5303376,-3.8679974,-3.2651997,-3.7432477,-8.730875,-1.3333154,-0.95551157,-1.6691782,-3.6056273,-2.2284937,1.0642767,3.0603018,0.38524038,1.2707125,-0.7230858,0.8428627,0.93200713,-2.272095,-1.3990232,0.40297797,2.2696033,1.2409829,1.1005887,-1.0548196,-0.6329551,-2.027821,-2.8617198,-2.4210002,-0.53916293,0
55,13,-661.734,48.490993,13.405273,25.236061,6.464704,12.385011,6.17463,5.676086,1.0313879,-0.6445858,-4.173981,-0.96418136,-4.680353,-0.7926948,-5.1671405,-5.9415565,1.9930077,-3.671586,0.30176818,-2.8912065,-2.9444537,1.9550811,2.6518176,1.913098,2.2794285,2.60423,-0.5275476,0.08879967,-1.9513841,-1.8728366,1.8453736,1.3664808,1.6814392,1.1383818,1.5437835,-0.8612737,-1.8107867,-2.2328787,-2.5797424,-1.0912535,0
56,14,-656.58453,57.294098,11.455437,23.728243,3.9634914,13.1542015,4.455318,3.9945004,0.98177767,-1.8634149,-4.9798055,0.12519073,-6.0783925,-2.08367,-4.927548,-8.08077,1.5267646,-4.109323,-0.286972,-3.1855588,-3.3610272,1.5294878,2.4605412,1.3782674,-0.62025183,2.3676443,0.26281166,-0.82524496,-2.0785115,-2.6259658,0.4894183,0.4464432,0.5149415,1.3991466,2.8707836,-0.5907044,-1.5388174,-2.616863,-2.7913797,-0.5050817,0
57,15,-660.304,58.362938,11.461144,25.279165,3.2664297,14.463257,4.293736,4.5152826,1.3677645,-1.7203761,-6.1755223,-1.0557538,-5.9960365,-1.528302,-6.007459,-7.913622,1.887633,-4.5404167,0.7429268,-3.4438448,-3.592279,1.0599405,2.0763042,1.7867302,-0.54008055,1.7831907,-0.8130154,-0.49034008,-2.3013783,-3.7613173,0.5436863,0.47549117,2.0828192,1.2213783,1.1409053,-1.3262362,-3.18243,-3.4468107,-3.7952158,-0.69470584,0
58,16,-647.44403,55.78616,10.016793,24.765242,4.028407,13.498499,4.0068154,4.741486,1.9300226,-2.5108066,-4.8325677,-0.72605586,-6.0627136,-1.9321843,-6.237454,-7.419186,0.8475263,-4.0824127,1.2515059,-2.198967,-2.556547,1.4291044,3.372296,1.3059813,-0.95484895,2.114384,-0.4422128,-0.23966895,-3.190339,-3.4494429,1.2432044,0.38007694,1.3277382,1.5462469,2.2445958,-0.34806535,-2.0339522,-2.616348,-2.2150164,0.15057585,0
59,17,-645.3912,51.691803,12.009839,22.88898,3.4095361,12.046602,3.287358,4.837955,0.37798965,-2.84697,-7.6932883,-2.251463,-6.983745,-1.9582291,-7.008535,-9.283753,1.4819106,-4.5012984,0.7549995,-2.6503508,-2.673772,2.217839,1.3848205,-0.27039167,-1.4353018,0.620925,-1.2008692,-0.6152887,-2.1301029,-2.751085,2.3604777,3.5751476,2.7718234,0.6555326,-0.019883191,-2.743209,-2.5397747,-2.563367,-1.5764512,0.8569538,0
60,18,-634.97186,46.25786,8.8375225,27.597294,2.647122,12.985658,3.9403245,7.034875,3.4737413,-4.262353,-6.3210044,-0.057346202,-6.6374793,-0.152578,-6.1209197,-9.092233,2.5227494,-5.0473084,0.4932017,-0.8512525,-0.9261226,2.1879122,2.0264647,1.0364192,-0.44604218,1.8506362,-0.7145444,0.6082399,-0.61455053,-0.7670334,3.8782349,2.0375493,1.7502424,-0.43332252,-1.812134,-2.5646164,-2.2974951,-1.4444351,-1.7277268,-0.8534998,0
61,19,-655.4055,51.180183,8.18876,26.105303,4.0282493,15.542256,3.6485398,3.6470034,1.9386395,-3.1754606,-6.3722634,-2.346051,-5.497831,-0.6477757,-6.242609,-8.296154,1.0310328,-4.127024,0.49690488,-3.770679,-3.773439,1.3314203,2.3890607,1.1859479,-1.5032027,0.7803471,-0.315852,0.16292769,-1.4898436,-2.203655,2.8384812,1.1634119,-0.91036236,-0.20461369,-0.28417027,-2.5369236,-3.168287,-2.5252182,-2.405908,-1.2473426,0
62,20,-662.4867,59.89306,17.386427,26.476805,6.143348,14.268403,10.342897,5.9528584,1.0781207,-0.8433951,-2.8946743,-0.5987877,-5.266801,-0.08603145,-5.512204,-5.927695,1.6580808,-5.062869,-0.3145372,-4.1128507,-5.9498706,-1.9715184,-1.3715746,-1.2854362,-0.41500416,1.4025176,-0.31294936,-1.0419376,-4.261891,-4.6707335,0.43836436,1.070549,0.09490409,0.43323094,0.4298346,-1.7022783,-1.3959856,-1.2380868,-0.5714934,-0.43639603,0
63,0,-441.31256,42.376022,12.062577,15.021201,3.4386582,6.968958,1.2233407,1.025261,-1.3367857,-0.2538772,-3.9505122,0.092036225,-3.0922158,-3.6625314,-3.0282733,-3.0255296,-2.6302104,-4.087468,-2.9714036,-5.3499365,-3.783844,-3.8708084,-3.8694313,-5.1252975,-3.2971942,-3.2139907,-3.6535106,-2.6687021,-2.6282408,-2.5635238,-1.9813564,-2.0911028,-2.7310162,-1.8610224,-2.3176944,-1.8879983,-1.7119,-1.9482443,-1.5309404,-1.4004307,0
64,1,-577.1817,44.216152,22.661787,23.231203,10.247499,10.987326,6.5123353,3.5629838,0.6223807,1.6475182,-2.6497736,-0.75342745,-2.7464921,-5.630569,-4.5207276,-4.4168215,-2.958157,-4.4477854,-4.5313516,-4.315049,-4.339959,-5.299337,-4.9410825,-4.8967013,-4.4961286,-3.7221289,-3.1767945,-3.3577387,-3.1845722,-3.233553,-2.2437732,-2.5573392,-2.8795738,-2.0211146,-2.2968566,-1.5136993,-1.518911,0.0040660272,0.16833745,0.011399958,0
65,2,-549.316,58.177612,22.107155,24.184736,6.4909587,8.109015,4.623789,2.3843362,-1.5058477,0.4114989,-3.7311022,-1.3582301,-2.2600858,-5.841552,-4.478928,-6.2543306,-4.0092998,-4.5140524,-4.765658,-3.8355045,-3.5841656,-4.3868575,-4.5356097,-5.654604,-4.546883,-3.4955575,-3.3974786,-2.8319242,-2.32932,-3.1807232,-3.3056476,-2.4127483,-3.3369806,-2.2190354,-3.1935153,-2.6549926,-1.43571,-2.010833,-0.23433058,-0.18998285,0
66,3,-550.4619,60.876457,19.863897,20.569801,0.953672,2.5769575,-3.4366238,-1.5713058,-2.858069,-5.6085043,-5.168263,-2.404243,-0.5347046,-1.4874641,-2.301894,-2.1523733,-1.7633332,-5.768987,-4.256205,-3.7738352,-4.8910546,-3.95668,-3.3204584,-4.434744,-3.457672,-2.196977,-3.8583727,-3.0670888,-3.3994834,-3.832075,-1.5753907,-0.9467619,-0.38515213,0.5591365,-0.94326025,-1.4600129,-0.8769374,-0.44243625,0.51932806,0.41691494,0
67,4,-580.383,53.559586,27.018185,25.168747,10.99204,11.633801,3.8776612,3.755103,-1.6601107,-0.12518568,-2.6500752,-2.324404,-3.353454,-6.0050488,-4.8003726,-4.444279,-3.0207055,-3.8595295,-3.2387903,-4.1024995,-4.420822,-5.328519,-5.685911,-5.8926225,-4.2444067,-4.4685016,-4.296129,-3.0562515,-3.472264,-3.5631282,-3.1389472,-3.0244012,-2.8482487,-1.9159203,-2.259883,-1.5814949,-1.5676537,-0.6101859,0.531979,0.43547282,0
68,5,-513.593,46.711674,23.20546,21.00954,7.4994392,9.63347,2.9615545,1.287438,-1.773961,0.18917166,-4.9928656,-0.853876,-3.0078733,-5.262569,-3.903203,-4.2279325,-3.7334812,-5.216512,-4.073398,-4.4996557,-3.84472,-5.0478334,-4.7655807,-5.389668,-3.7771208,-4.213372,-3.5383132,-3.684458,-2.7820303,-2.3621294,-2.552613,-1.8910358,-3.1748488,-1.3930595,-2.1097145,-1.1422263,-0.62214565,0.22196355,1.1406629,1.0843815,0
69,6,-458.9703,38.256107,6.7803774,13.412529,4.8429403,4.2315764,2.9651544,1.0967078,-0.8734349,0.60128444,-2.0503798,1.1942455,-1.8729764,-4.3555346,-3.0486252,-4.9206448,-4.2204814,-4.5383997,-4.995656,-5.3946066,-4.6738863,-4.816699,-5.4222054,-6.2913866,-4.088392,-3.8525991,-4.5147567,-3.8413289,-2.9445267,-3.3912444,-3.397636,-2.4070408,-3.0911748,-2.088515,-2.4438426,-2.3492043,-1.3663926,-1.2399074,-0.7535931,-0.21591307,0
70,7,-461.30997,41.02018,6.1782527,14.87998,5.910663,4.1058373,1.24846,0.079863325,-0.58654106,-0.24397008,-4.199511,0.059462678,-1.9751136,-5.2985983,-4.5172114,-4.7920966,-3.8780396,-4.804235,-4.587658,-5.1119695,-4.5079365,-4.806384,-4.5756297,-5.052091,-3.4480703,-3.1616395,-4.5274396,-3.458159,-2.9449472,-3.8569908,-3.117219,-2.4339488,-2.7079365,-2.3491008,-3.1851337,-2.213301,-1.6836467,-1.9312595,-1.0556504,0.06215075,0
71,8,-434.3791,43.811985,10.68887,14.708418,3.6588576,5.4888783,-0.22834826,-0.38788489,-2.8623695,-0.25875655,-4.6175694,-1.7273587,-4.6564445,-4.2089157,-3.6853082,-5.069012,-3.6717553,-5.027408,-3.7056537,-4.709014,-4.2484245,-5.0410395,-4.0929756,-4.824935,-3.0014122,-3.4994686,-3.5886395,-2.1806777,-2.4814384,-3.056718,-2.6047435,-1.9223868,-2.5727582,-1.3508162,-1.797599,-1.8404632,-1.6873801,-1.413513,-0.66551876,0.051899366,0
72,9,-436.6172,44.189342,11.35369,12.058849,1.417448,3.4998662,1.3574824,0.12523733,-1.4561721,-0.43708122,-2.7999315,0.13899079,-1.6733694,-3.6573236,-2.295634,-3.5615313,-3.2686894,-3.4190125,-3.232051,-4.284612,-3.525032,-4.1322803,-3.6640108,-3.898802,-3.2181623,-3.0113878,-3.6373734,-2.3269527,-2.3535278,-3.2272284,-2.072936,-2.4074516,-3.061224,-1.33183,-2.277996,-1.7881092,-1.660674,-1.9504981,-1.1125082,-1.0824829,0
73,10,-437.01392,49.477425,8.114925,12.473522,1.6790023,5.7799077,1.5984868,1.063176,-1.9954078,0.48056865,-2.6235337,0.1119349,-2.4492157,-4.1730065,-2.2949166,-3.9326231,-3.1615605,-4.3424673,-4.1778727,-4.360832,-3.936129,-4.4692974,-3.982247,-4.689896,-2.7152183,-3.5968683,-3.6152935,-3.0681717,-2.9774456,-2.736214,-2.7275727,-2.192158,-3.0304632,-1.8283391,-2.4640474,-1.6733603,-1.618044,-1.3913482,-0.96589375,-0.6071895,0
74,11,-554.21906,50.719646,16.787968,19.34136,8.322039,11.758324,4.5720677,2.6300814,1.0682589,2.1901693,-2.3378882,0.79396325,-4.1624618,-4.9852543,-2.778021,-4.631929,-3.3390617,-4.646011,-3.4572098,-4.8976436,-4.020384,-4.1732235,-5.0667686,-5.3968086,-3.4831727,-4.1508555,-3.9228394,-3.2141426,-3.3264658,-2.9984381,-2.3283775,-2.0157561,-3.2257662,-1.988004,-2.6969755,-1.7957282,-0.95054036,-1.2789193,0.19403791,0.36867025,0
75,12,-541.41925,49.2294,17.035675,19.942268,9.211557,10.756939,5.6966705,3.9144063,-0.062373,1.549541,-2.6784678,0.40242818,-5.5508556,-5.009227,-3.8156097,-5.8480234,-3.5582883,-4.733134,-3.9142442,-4.859125,-3.1872497,-4.469289,-4.4923906,-4.4995804,-2.9974413,-4.541006,-3.7164757,-2.508111,-2.9028912,-2.9105911,-2.285085,-1.6498054,-2.6167433,-1.8013514,-2.4224823,-0.31242394,0.31645688,0.12410491,0.8323071,0.63390005,0
76,13,-594.10254,50.69772,27.090193,25.24762,13.17467,15.682011,5.860016,4.7455993,-0.03778945,0.4434907,-3.0322344,-1.545203,-5.9239745,-5.2592964,-4.9488926,-6.362595,-4.4975533,-4.754234,-3.4165359,-5.406159,-4.610097,-4.9323707,-4.3500214,-4.557896,-3.6581664,-4.019483,-3.8633273,-3.674863,-3.401328,-3.1648126,-2.5095139,-1.9973868,-2.0741634,-1.2541741,-0.60437894,1.0213319,0.905252,0.6616347,0.7440402,0.03547293,0
77,14,-574.6861,44.81004,20.713419,24.348257,12.703202,12.727835,6.2512255,4.856589,1.1174302,2.0540833,-1.3453287,-0.14411311,-3.6236591,-4.4741125,-3.3610678,-5.304688,-3.5944035,-4.5042267,-4.4190655,-4.5321875,-3.5096867,-4.0907235,-4.513387,-4.4825015,-3.234265,-3.1552045,-3.295527,-2.9799235,-2.2615123,-2.7412941,-2.3301988,-1.5684398,-2.0251515,-1.1614845,-1.2897235,-0.21673478,0.7062788,0.118494764,-0.19524336,-0.59717876,0
78,15,-517.6658,45.474503,18.543694,18.595537,9.998388,10.145258,4.7630305,4.066472,-0.74163276,0.65326095,-2.271347,-0.54240876,-3.743878,-3.6514695,-3.6293921,-5.441203,-3.1096206,-5.031374,-4.452158,-5.4688606,-4.9336033,-5.222323,-6.13233,-5.6253924,-4.249278,-4.480213,-4.1647773,-3.7424636,-3.1658998,-3.3132076,-2.1599247,-1.3229893,-1.3837299,0.030976927,-0.13654414,0.32042593,0.2723842,-0.6803074,-1.2027441,-1.1656098,0
79,16,-518.4756,50.773758,17.231302,17.458838,8.877832,9.854583,3.935243,3.8321378,-0.8867781,1.1144048,-3.01783,-0.70621586,-4.5665164,-3.7736723,-4.2338457,-4.8913264,-3.5086207,-5.5844355,-4.078605,-5.620683,-5.1811213,-4.8611984,-3.904278,-5.145865,-3.2215638,-3.813852,-3.9055326,-3.5267537,-2.6771085,-2.655367,-2.1040406,-1.2235991,-1.6923896,-0.8321321,-2.1282578,-1.0612583,-0.7211396,0.28087157,0.71374965,0.35143033,0
80,17,-501.52612,46.871235,15.064544,16.339825,7.3121095,9.314341,3.3877213,3.5897067,-1.4317191,0.8374534,-2.968508,-0.66069055,-3.4742162,-3.9110687,-3.0869362,-4.9916754,-3.6949797,-5.026343,-2.8943737,-4.633889,-4.3775635,-3.8595092,-4.5943985,-4.2173953,-2.903658,-4.0175653,-3.2284598,-2.039177,-2.1307254,-2.610413,-1.8977728,-1.8041229,-2.252572,-1.5058519,-2.5008788,-1.7061512,-1.4435929,-1.4851636,-0.25744045,0.042235564,0
81,18,-500.63037,55.536095,17.818909,15.538131,4.330982,7.7024903,1.409729,1.4590176,-1.8660635,0.49511254,-4.218424,-0.6182555,-5.046701,-4.1703734,-3.085073,-5.202605,-4.000058,-4.608913,-2.6418104,-5.616059,-4.375834,-5.128907,-5.27566,-4.6234274,-3.5805779,-5.637307,-4.875641,-2.6457968,-3.1328745,-4.1763587,-2.5715666,-1.6574546,-2.18411,-0.9568501,-1.7953801,-0.09603301,0.5049862,0.6103551,1.195335,0.66854745,0
82,19,-566.37494,53.777195,24.6068,22.088387,11.159037,13.313873,4.399483,1.7691423,0.35289988,0.6409882,-3.5725942,-0.9244483,-4.9364643,-3.9793494,-3.3714924,-4.6975503,-4.168179,-5.10234,-3.7318923,-4.99133,-3.9319515,-4.6885843,-4.326617,-4.608717,-3.878493,-4.647278,-3.7861676,-2.5559988,-2.375947,-3.1237652,-2.870166,-2.2457182,-1.855584,-0.34431392,-1.0959604,0.45906153,0.8699318,0.2178226,0.07701954,-0.92937136,0
83,20,-512.68317,48.13672,16.141241,18.03143,8.333377,8.544376,2.8989472,3.722806,-0.48396936,1.790606,-3.8729293,-1.2866899,-4.9881296,-5.2517033,-4.7515955,-5.4102407,-3.6860144,-5.6021476,-4.512428,-5.6558213,-3.9856431,-4.796066,-4.789647,-5.0814185,-3.7929096,-5.1106577,-4.8277326,-3.4983842,-3.3156986,-3.5707982,-2.8071609,-2.139195,-1.8108522,-0.20996727,-0.83125013,0.32657695,0.43283704,0.23481563,-0.56500256,-1.3567042,0
84,0,-461.97638,45.373688,14.111067,17.313335,5.5217586,8.506205,1.876281,3.2199438,-0.8226734,-0.54807776,-4.4211836,-2.552633,-2.6104562,-3.4666772,-2.821744,-4.481139,-3.445553,-3.025332,-4.207157,-4.6184034,-3.141917,-5.2119145,-3.7477984,-3.7038496,-2.0209234,-3.6461644,-2.365549,-1.336473,-1.7884935,-1.083911,-1.5104438,-0.44604993,-1.1758819,0.15891229,-0.76359826,-0.5917038,-1.2804981,-0.44771,-0.538884,-0.791378,0
85,1,-479.00583,41.498413,15.258596,16.526701,6.5803723,11.06324,3.1406298,2.882474,-1.7128179,0.8111115,-3.0878174,-2.0445154,-2.9279432,-4.063656,-2.856985,-4.720658,-3.1417782,-3.681735,-4.3375793,-4.739246,-4.1851077,-4.9746666,-4.303357,-3.8860085,-1.8904424,-3.465207,-2.1874902,-1.7080284,-1.9579651,-1.7674056,-1.774899,-0.5283951,-1.4703808,-0.662497,-1.4099392,-0.8047941,-1.3762313,-0.11816035,-0.34806472,-1.239984,0
86,2,-475.41556,46.95349,16.834473,15.554102,5.473675,8.767799,0.06060932,-0.59293604,-4.557586,-2.4843547,-5.2481203,-3.1394026,-4.1971145,-4.889659,-2.3934815,-3.1954787,-2.8002293,-4.0954986,-4.4244976,-3.6425073,-3.6248696,-5.131943,-4.238904,-3.7262192,-3.121221,-3.7672067,-2.124943,-1.86768,-1.9406968,-1.448983,-0.9692168,-0.8022671,-0.93087363,-0.05661445,-0.6462151,-0.6470973,-0.49443722,-0.33125925,-0.4281922,-0.6248391,0
87,3,-487.81824,46.562305,17.234371,16.471941,5.387884,9.092063,2.6088257,-0.9368724,-4.3484325,-2.192556,-5.314571,-3.0938284,-3.7092068,-3.7176013,-4.0767965,-3.2122123,-2.109725,-3.3005295,-3.8598723,-5.136597,-3.548767,-5.293423,-4.131432,-4.123736,-2.9756591,-3.8638172,-2.4978905,-1.4704522,-1.8471583,-0.8099856,-0.70373213,0.26678798,-0.31784785,0.216867,-0.09091562,-0.25487918,-0.072481886,0.26431772,-0.09434477,-0.39488426,0
88,4,-502.27264,48.09905,19.669123,18.343126,6.7305174,7.266975,1.0757904,0.60301256,-3.5164745,-3.2884347,-4.5841136,-2.5271504,-4.514945,-3.7615972,-3.8993485,-3.574256,-3.150546,-4.094285,-3.8122234,-4.886145,-3.4364781,-5.1497183,-3.5207741,-3.800652,-3.33086,-3.3779655,-2.3539927,-1.99576,-1.6581165,-0.5961867,-1.0274209,-0.28955817,-0.66323626,-0.51943064,-1.2733421,-0.9215424,-0.15523487,0.24922416,0.1061362,0.0906554,0
89,5,-554.33704,47.231926,23.54152,16.382902,8.657903,10.366928,2.220581,2.7120082,-3.7111568,-1.0537802,-3.2543056,-2.7210271,-3.4997509,-4.3096757,-2.42476,-3.8855903,-3.4773684,-4.8717594,-4.9890127,-5.617598,-4.7250924,-5.2316923,-4.222221,-3.7837853,-2.7539654,-2.024851,-1.2213666,-0.57509446,-1.0847267,-0.741221,-0.42835513,-0.17534581,-0.46383443,-0.3031581,-1.0751412,-0.8783207,-0.44156986,-0.35791025,-0.41885996,-0.32196787,0
90,6,-526.9589,49.62026,21.372458,16.861181,6.6572285,9.906926,0.14603905,2.5279748,-3.4563105,-2.9086251,-4.5070095,-2.6816072,-3.8018098,-3.8028126,-2.5538006,-3.819059,-2.9597397,-3.7564464,-4.27367,-5.825555,-4.3515277,-4.9173083,-4.3624954,-3.9080117,-2.7924104,-3.4728336,-1.7447581,-1.2932485,-1.0168741,-0.23444447,-0.41107184,-0.17739283,-0.8441311,-0.37337488,-1.2862127,-0.97396415,-1.2115458,-0.20908931,-0.54634845,-0.80862564,0
91,7,-498.37643,41.86202,15.704969,14.659354,7.6710186,9.772131,1.6610882,0.99814886,-3.365071,-2.79494,-3.9369135,-2.0223517,-3.1628785,-5.0587935,-3.3157845,-2.7832358,-2.355119,-3.5294256,-4.889842,-5.156112,-3.766889,-4.429327,-3.997732,-4.206905,-3.332009,-3.3266482,-1.4423147,-1.6215724,-1.3501931,-0.35359773,-0.75238776,-0.34061044,-1.2266879,-1.0517775,-1.5113096,-0.93413967,-1.2101666,-0.52213126,-0.33715272,-0.3599264,0
92,8,-487.58078,44.618507,15.524101,15.66756,7.6926627,8.739222,2.3634818,3.8922782,-1.7818953,-2.7343543,-3.682887,-1.9934486,-3.2115386,-4.6265287,-2.7069228,-3.4953756,-3.4436712,-4.489992,-4.20377,-4.3766513,-4.564546,-4.753201,-3.6491444,-3.9424438,-3.8827682,-3.1049206,-1.6849376,-2.0233068,-1.370153,-0.8876967,-1.222581,-0.58214897,-0.95537585,-0.7217366,-0.93623465,-0.9389107,-1.2909281,-0.2818325,-0.5741875,-0.9705266,0
93,9,-473.25278,37.927696,15.761465,15.704177,6.1409287,9.481511,0.18191434,2.8559246,-2.6357226,-2.4633062,-4.630121,-4.068785,-3.6086948,-4.6185956,-2.6758082,-4.6192713,-3.290517,-3.1991775,-3.9329708,-5.312765,-4.3788595,-4.4531727,-4.423637,-4.020663,-3.2420936,-3.4620564,-2.4976003,-1.6975642,-1.5267518,-0.8724799,-1.2856851,-0.86435753,-0.6693037,-0.5469118,-0.8754512,-0.72489053,-0.7855199,0.12896845,0.053812586,-0.3062462,0
94,10,-495.4619,44.081295,17.856169,16.208553,6.9274416,9.755985,1.9699214,2.0129957,-2.2343595,-2.443442,-3.8696327,-3.3085077,-3.3391466,-4.0592523,-2.6948159,-4.587279,-3.365402,-2.7208753,-3.9309778,-5.1789007,-4.0564623,-4.868333,-5.0782323,-3.5022001,-3.0851545,-3.982885,-2.9213843,-1.6510484,-1.4764884,-0.99640477,-1.079999,-0.84618115,-0.6579966,-0.76767886,-0.43406135,-0.64907783,-0.956452,0.06134635,-0.46597418,-0.32416123,0
95,11,-512.56915,47.34982,20.296259,16.767826,7.3858085,9.81423,1.8481637,1.0497495,-4.093985,-2.33262,-3.789786,-2.85008,-4.0852857,-4.2299685,-4.033789,-4.242778,-2.85304,-3.7340543,-3.7178385,-4.73125,-2.9749472,-3.9602728,-4.6597853,-4.8404765,-3.4632504,-3.3477192,-2.8587923,-2.0308251,-1.797816,-1.4211991,-0.6404403,-0.06359069,-0.73846376,-0.5739252,-0.47349688,-0.10309287,-0.44291523,-0.38543078,-0.7608565,-0.5481858,0
96,12,-534.5222,49.95372,23.478178,18.820862,8.466614,10.8967285,2.4016612,2.6941597,-3.4468117,-1.3308358,-3.759252,-2.3149333,-3.878019,-3.8453317,-3.2745621,-4.239836,-2.8138785,-3.2867432,-3.5517545,-4.650008,-2.9604695,-3.648944,-3.581745,-3.5531065,-2.954916,-3.5277429,-2.5425215,-1.4084647,-1.3030597,-1.3260059,-0.69653463,-0.41811532,-0.55515885,-0.50457996,-0.67122644,-0.5885624,-0.42878947,0.30283824,-0.1510255,-0.17008162,0
97,13,-524.17755,44.947163,21.783594,18.495451,11.43949,11.5454645,3.4593792,3.2738516,-1.6514161,-0.2896751,-2.9007683,-2.7675374,-3.6256611,-3.6069214,-4.0132523,-4.198388,-3.3001385,-3.966235,-4.001827,-4.391621,-3.5780795,-4.8040743,-3.938146,-3.654604,-2.8129916,-2.9963388,-2.1696007,-2.0217915,-1.7595571,-1.4681814,-1.115009,-0.77907175,-1.198296,-1.0900779,-1.350895,-0.9663624,-1.1924068,-0.49788737,-0.58979166,-0.3611053,0
98,14,-489.5909,41.606453,18.663074,16.29319,9.819538,11.255769,4.3512135,3.1480565,-3.375199,-0.84391975,-2.085963,-2.3533075,-3.3818772,-3.1469793,-3.1289973,-3.5723348,-2.790154,-3.61222,-4.5119658,-5.1016874,-2.8624103,-4.41312,-4.59218,-4.5449343,-3.46981,-3.2751274,-2.848254,-2.2744524,-1.7045472,-1.5447284,-1.1749419,-0.25347936,-0.8990629,-0.9721639,-0.98092395,-1.0132164,-1.3116835,-0.96542203,-1.4232252,-1.3663175,0
99,15,-477.9116,40.028095,15.677938,16.853857,8.545238,9.436781,4.4772763,3.05968,-1.5763131,-1.2578439,-4.0511427,-2.542125,-3.7754972,-3.255947,-3.4148576,-4.3414946,-2.6683633,-3.1472404,-3.909829,-5.648091,-3.7633197,-4.9814696,-4.678846,-4.0264244,-2.9140446,-2.7137663,-2.1959043,-1.1985294,-0.4716813,-0.60112756,-1.4128431,-0.54705125,-0.5415717,-0.84405136,-1.1547854,-1.2615995,-1.9766921,-1.1419905,-1.7150837,-1.4991871,0
100,16,-462.8871,40.493862,13.4610815,14.393551,8.101547,7.246329,2.8867111,0.8888465,-3.536307,-1.4555585,-4.9130893,-3.6469264,-4.2528143,-4.0284123,-3.8674078,-4.319014,-3.5284505,-3.623492,-4.178259,-5.657175,-2.8134348,-4.4479218,-4.1937523,-3.297998,-2.2574513,-2.864102,-2.459435,-1.8577089,-1.6672488,-1.3029284,-1.807393,-0.7808581,-1.2646649,-1.019539,-0.7460299,-0.9207233,-1.6335372,-0.30091694,-1.1307442,-1.3637729,0
101,17,-477.56027,42.391735,17.520226,13.889316,6.880338,7.3028593,3.2482283,2.2443419,-2.3629344,-1.3261354,-3.5217116,-2.6776505,-3.9565222,-4.317078,-3.4118114,-3.71745,-2.5347292,-3.11187,-4.542243,-5.5228252,-4.144626,-5.1430206,-4.450702,-3.7147243,-2.4379168,-2.9004033,-2.4058805,-1.7786341,-1.3792677,-1.5840645,-1.6316592,-0.5048521,-1.3966087,-1.0423676,-1.234246,-1.2799463,-1.2399921,-0.2363996,-0.8605751,-0.37172863,0
102,18,-472.9619,49.7626,20.64604,18.361208,8.9278345,8.837733,3.4149978,1.2671165,-4.4074526,-1.6947935,-4.8538747,-2.6332815,-4.1169286,-4.2976723,-4.1528397,-4.5191793,-2.7140696,-3.6950808,-3.7267468,-5.181198,-3.0314696,-4.656124,-4.586931,-3.9465435,-3.6936595,-3.6622994,-3.2931848,-2.321184,-2.3636258,-2.4627538,-1.8449228,-1.359052,-1.7857356,-1.4033539,-1.1683643,-1.530368,-1.4392728,-0.66719395,-1.0898623,-0.7286424,0
103,19,-482.6705,43.396847,17.309729,14.210335,7.9220157,9.1814165,2.61935,0.8532182,-4.9024506,-1.5518348,-4.6153955,-2.9470088,-3.2387457,-3.0673974,-4.2730403,-3.8902216,-1.9031798,-3.1125493,-3.6542401,-5.39986,-3.2819912,-4.015356,-3.7351341,-4.2256207,-3.3601153,-3.0652547,-2.2761497,-1.5229853,-1.3215308,-1.3509899,-1.4436605,-0.32398242,-0.5675966,-1.172759,-0.8497573,-0.8642335,-1.5154297,-0.09971984,-0.4997988,-1.1078224,0
104,20,-468.5497,48.529156,16.183859,15.920615,7.049739,8.129896,1.3695115,0.9342123,-4.551683,-1.6674067,-4.405274,-2.7901673,-3.6257591,-4.211657,-3.8501968,-5.279679,-3.0170648,-3.5781183,-4.0029354,-5.965734,-3.7808862,-3.6614623,-4.346824,-4.2394094,-3.5334744,-3.4318619,-2.671207,-1.7264515,-1.3852835,-1.4978154,-1.4842927,-0.18443084,-0.37933227,-0.59479094,-0.41179517,-0.7533051,-0.9850972,0.19087686,-0.40599683,-0.93620884,0
105,0,-403.9488,47.316753,9.785436,20.368622,-3.8984084,4.3270664,-8.053234,2.9666739,-6.5623384,-2.190425,-4.343336,-5.730326,-3.243385,-3.8781323,-4.740593,-6.7172174,-2.9247859,-5.3224497,-5.718663,-6.311192,-3.373774,-4.4973946,-2.647131,-2.4350219,-1.0325565,0.2894989,-1.577925,0.57216084,0.24902108,1.2647668,2.7174454,1.2127744,1.3323495,-0.86236465,-1.3403285,-0.05326291,0.13877985,0.23807447,-0.8017185,0.21703397,0
106,1,-436.55222,52.492947,12.255594,19.750748,-0.51425487,4.800518,-6.88506,0.7245954,-5.434181,-1.5312269,-5.7312756,-4.9475083,-4.507551,-2.8428674,-4.128644,-5.5303373,-2.6631403,-6.292284,-5.572168,-6.764122,-3.6633596,-5.645442,-3.1432912,-2.8878067,-1.9939084,0.12797664,-1.2815201,0.8644359,1.5852736,2.564362,3.0176165,0.8490041,0.8329072,0.0787161,-1.1029358,0.18021828,0.57069504,1.2290398,1.1176827,0.38119885,0
107,2,-449.16324,31.004068,4.785513,14.172166,-1.7066307,2.5429118,-3.3837187,-3.9583213,-2.9519677,-3.421853,-4.316313,-6.372016,-3.776219,-3.6857977,-5.0287642,-4.7268643,-4.698582,-4.782145,-6.972615,-6.4846597,-4.6815476,-6.0458617,-4.346999,-3.203617,-0.7963015,1.0109785,1.9397839,3.4806268,3.786593,4.532571,3.765999,1.7973938,0.91298217,-0.5891074,-1.424346,0.03009934,0.6667551,0.57778364,0.27973354,-0.6335512,0
108,3,-503.01212,38.438644,11.448236,19.317175,0.77423704,6.6339226,-1.6874425,-3.170728,-2.4506605,-3.549905,-5.282059,-6.3115845,-4.135366,-3.2210398,-5.043882,-4.436036,-3.6918612,-4.1697516,-5.838504,-5.9091253,-3.3957362,-5.8554826,-4.3213286,-3.9054787,-3.6406803,-1.7097006,-1.3976849,0.42482305,2.0528903,3.98958,4.762601,3.320163,2.4386816,0.6256829,-0.15158305,0.29224885,0.64065975,0.8212861,-0.03092669,-0.17643856,0
109,4,-458.53174,33.651394,7.692494,15.789547,-0.16228168,4.4586024,-2.8498309,-2.221826,-2.6826487,-2.4839122,-3.4024944,-7.0207906,-3.072409,-2.7516441,-5.407081,-4.3317485,-4.2801385,-4.9871683,-6.7212844,-6.290883,-5.215117,-6.05228,-4.126019,-3.912675,-1.240559,0.20677978,1.1828794,3.9352229,3.9550462,3.832656,2.3868666,0.020792374,-0.059653737,-0.9035178,-0.767109,0.61439794,0.3733377,-0.053617567,0.38167748,0.1090737,0
110,5,-456.16812,41.794098,19.575747,14.129614,5.743109,1.9884348,1.2851516,-0.50402164,-2.4954422,-2.5855775,-2.5249257,-3.6070633,-4.2095656,-3.6643589,-3.8120275,-4.2492976,-3.7275672,-4.347836,-5.3084903,-5.296028,-4.9089174,-4.545986,-3.998692,-3.9561636,-2.5879185,-1.3791835,-0.85311365,0.62173885,1.0941992,1.8554302,2.1225145,1.1989629,0.2875099,-0.8597972,-1.3271989,-1.0574075,-0.58477044,0.14596619,-0.18727742,-1.05332,0
111,6,-441.3006,49.0108,6.8051953,12.625584,0.9741436,4.412044,-1.1143494,0.28181645,-2.7334893,-1.0007439,-6.8232813,-5.923931,-3.6485238,-1.6998041,-5.211424,-5.030278,-3.607138,-5.1522274,-5.048628,-5.914672,-3.0788324,-4.7971745,-3.625216,-2.826939,-2.2108665,-1.0943924,-0.9664531,-0.7931968,0.22312751,0.9782074,2.3612726,2.031775,1.6602806,-0.28126472,-1.2158822,-0.36271045,-0.046491712,0.6984914,-0.036506828,-0.55385005,0
112,7,-401.76852,50.957657,5.892288,15.917037,-1.528243,0.7241273,-4.1576185,-0.19975093,-4.4028273,-2.8927374,-3.7138638,-5.831168,-3.4390306,-2.5885174,-4.5494046,-5.988502,-2.9499285,-3.5393274,-6.446396,-5.881898,-3.5173652,-5.724694,-3.412401,-3.3892415,-2.298089,0.6871237,-0.37969097,1.3183199,1.1099591,-0.15913866,0.6137562,-0.6175549,0.22691609,0.09384187,-1.1057744,-0.38128495,-0.8763024,-0.18124206,0.14276157,-0.6823299,0
113,8,-417.37366,48.440292,5.7671776,9.847698,0.017172476,1.2092295,-3.781201,-1.6482592,-3.3221102,-2.794562,-3.9154541,-4.9929,-3.3960276,-2.5101695,-3.3782547,-5.093127,-3.5803757,-3.483995,-5.35733,-5.0121846,-3.709698,-5.155318,-3.4017293,-3.1343734,-1.710466,0.45387948,-0.08422617,0.9554555,1.0804988,0.85473824,1.5032934,0.8707712,1.1109958,0.42743716,-0.44355723,-0.1020163,-0.88428134,-0.1298611,0.15673858,-0.47277752,0
114,9,-421.06094,41.81943,6.47161,11.915717,0.8366854,0.110112116,-3.0274005,-0.95434076,-4.7517934,-1.8668485,-4.3768845,-4.732281,-3.098462,-2.2217093,-3.8540423,-5.542711,-2.4022489,-4.8799944,-5.778662,-5.262534,-4.311891,-4.2906766,-3.3881738,-2.6692934,-1.1593945,-0.3881552,-1.3105994,-0.50760806,-0.15208946,1.1502726,2.671402,1.3248014,0.64486253,-0.4612179,-1.3671584,-0.026598446,0.8197322,0.30177078,-0.8920424,-1.4314697,0
115,10,-392.4613,77.70317,24.6098,17.173378,1.0911574,-0.41746637,-5.095723,-1.5521077,-4.3118305,-3.284087,-4.926057,-5.8528285,-4.397631,-3.9895108,-5.2923455,-6.881184,-4.4292417,-4.3119974,-6.3812556,-5.6389027,-4.2815394,-5.632716,-3.184952,-3.5820937,-2.1455708,0.36375862,-0.34111726,0.5226517,1.0136408,0.34970844,-0.02511491,-0.9478099,-0.9281422,-2.0540707,-2.7493079,-1.281239,-0.9531026,-0.1626961,-1.2132218,-1.7591779,0
116,11,-430.03986,42.18513,10.649718,15.511336,3.6028643,3.2226973,-0.6401954,2.1739109,-3.0291362,-0.5341867,-2.6198404,-4.0012674,-3.0483358,-2.0788915,-3.7482412,-5.606117,-3.7479434,-4.808315,-5.334055,-5.8586917,-4.4781437,-4.6656737,-2.8503063,-2.5581899,-0.4403353,1.6218834,0.7999134,0.5451689,-0.4743068,0.3838638,1.6680976,1.0445769,1.0998733,-0.25544086,-2.2140913,-1.1885022,-0.40210742,0.42250633,-0.07344349,-1.4046887,0
117,12,-431.80045,51.224598,10.688787,14.985459,1.2718412,1.5772613,-4.4785824,0.90681213,-3.8663096,-3.0783741,-4.347435,-5.757987,-3.384913,-2.6835704,-3.52132,-5.7152176,-2.7779775,-3.5341635,-6.5079713,-5.5245514,-4.3968005,-5.2869773,-3.17922,-3.5524473,-1.3698405,0.6777108,0.3057771,2.1349945,2.5649922,1.9391172,1.5804824,0.21528351,-0.45049438,-1.2424732,-1.5941586,-0.4246786,-0.10465024,0.21793438,-0.5334933,-0.35125193,0
118,13,-423.54724,45.961426,9.348467,16.300972,3.5258749,2.779447,-1.9584562,1.3679689,-3.4540899,-0.58395773,-4.292541,-6.1672134,-3.0878594,-2.9101064,-4.2256217,-4.6072683,-3.130315,-4.1565347,-4.9440866,-5.806423,-3.9616098,-4.714608,-3.8119664,-4.254804,-1.6510442,0.33196446,0.13147125,2.968203,2.2191627,1.2110935,1.1374358,-0.8769869,-1.3695139,-0.3754611,-0.4850941,-0.43158218,-0.39124388,-0.6670307,0.06332148,0.51707,0
119,14,-423.66925,52.690025,15.104852,20.036497,2.911081,2.748797,-1.043185,0.30922675,-3.9664752,-0.09695294,-4.148635,-5.19961,-2.3053944,-3.4259164,-4.089179,-5.9855947,-3.932096,-3.7924778,-5.7006884,-6.377982,-5.1160645,-5.307718,-4.6797805,-4.0583186,-2.7387707,-0.7290416,0.52509516,2.479914,2.557366,1.5629913,1.1871706,-1.1574378,-1.2101681,-1.6289115,-1.7404073,-1.1576899,-1.3243737,-1.3421432,-0.91519445,-0.5430776,0
120,15,-429.43842,45.21659,13.416237,15.70191,3.9456863,6.1119504,0.54480964,1.7783152,-2.9288602,0.21123616,-3.1434748,-3.9782488,-3.0255985,-3.0292697,-3.953498,-5.6978254,-3.1858578,-4.5541964,-5.8953314,-5.4808784,-4.896106,-5.548028,-4.3313494,-4.962099,-2.7476215,-1.5423925,-0.040614787,1.4512477,1.684091,2.6336741,1.3819308,0.1352382,-0.43548164,-1.1834987,-1.3421333,-0.7911418,-0.70365286,-0.041280627,-0.9562134,-1.3764321,0
121,16,-419.58463,53.566933,14.9026165,24.007414,4.6576905,6.784217,0.52628034,1.5002648,-5.576,-0.48866507,-5.3040056,-5.188742,-3.6577451,-3.6723955,-3.7874281,-6.2288246,-2.6198173,-5.4391646,-5.1899395,-4.9036574,-5.38006,-6.010719,-4.4132032,-4.862912,-4.1056767,-0.6785932,-0.5776722,1.2997397,1.536248,1.0085583,1.5859612,-0.19632685,-0.15119933,-1.0805799,-1.0231997,-0.7906587,-0.729183,-0.2867011,-0.4973471,-0.5774254,0
122,17,-418.417,43.06929,10.840698,16.598814,1.7141564,4.0283313,-2.412162,2.1477592,-3.873944,0.05027466,-3.8853228,-2.7607996,-1.7187834,-2.9748917,-3.2829494,-5.4100695,-3.1008685,-5.043674,-5.6116624,-5.054837,-5.0133233,-6.046506,-4.1922526,-5.046212,-2.9379635,-1.5204453,-0.90593964,1.0495641,2.53804,2.996957,2.741503,1.2701354,-0.49096102,-1.2216393,-1.2115037,-0.20818296,-0.9377427,0.04585573,-0.7958335,-1.2728705,0
123,18,-426.32248,54.184578,19.472631,16.510223,1.4320805,0.8531926,-6.471769,-1.6070831,-6.094889,-2.5275216,-6.357158,-6.4120936,-4.5201087,-2.5550833,-5.3748555,-6.7709165,-4.30441,-4.4294596,-6.248552,-5.9907904,-4.5449114,-5.820705,-3.026137,-4.0184326,-1.7158184,0.3194141,0.856712,2.035952,1.8432237,0.8417528,0.7087833,-1.2368538,-1.4314847,-1.5033811,-1.5576756,-0.7988859,-1.0099874,-0.29287738,0.16345297,0.21812762,0
124,19,-407.23853,65.82475,21.39055,17.822567,-2.5714414,-0.8992536,-5.9415283,-2.5006342,-5.7573776,-3.695147,-5.417533,-5.9517746,-4.397504,-4.7627563,-4.9022493,-7.4587684,-4.3575897,-4.8136983,-6.774511,-4.7559967,-4.0723133,-5.2842193,-3.631329,-3.3809388,-1.8657918,0.009166894,0.11332867,0.7422218,0.818019,-0.33806258,-0.70623446,-1.5233527,-1.3686281,-1.385171,-1.6222764,-0.7538503,-0.9668435,-0.6265225,-0.032074884,0.38170928,0
125,20,-412.30887,41.091255,9.821522,15.684512,1.9107445,3.140207,-2.6688526,0.07732462,-4.3870687,-1.1337366,-4.3218675,-5.18534,-2.1171725,-2.6115355,-3.6368432,-4.7293835,-3.5317798,-4.8960457,-5.7663274,-5.4910097,-4.6813817,-5.1353555,-3.686135,-3.6446433,-1.76182,-0.15234293,-0.083990246,1.3850746,1.971578,0.5754682,0.60582834,-0.25495073,-0.61258274,-0.89034784,-1.4406658,-0.006613394,-0.38498577,-0.5255897,-0.57528067,-0.27014983,0
126,0,-443.54868,53.25571,11.125995,13.46999,-0.83743095,8.824981,-7.1414094,2.105303,-5.093528,-3.382458,-3.8074286,-4.5856595,-5.0393977,-4.1473975,-4.2618146,-6.452721,-4.1769886,-5.191392,-4.485786,-5.50133,-4.600257,-3.6516292,-0.97329795,-0.047495797,1.314424,2.2910748,0.7394541,0.059714597,-0.23548253,-1.549734,0.34941486,0.15368207,0.65758544,0.94594514,-0.4555644,-0.1839869,-0.17081463,0.71456146,0.7385713,-0.5216272,0
127,1,-464.4202,56.51774,10.9543295,9.723432,0.87708503,5.8820524,-0.56264013,-0.086300306,-3.7900324,-1.759781,-2.3863537,-4.2224555,-5.0612326,-4.126025,-4.4918346,-5.7974977,-3.4708302,-4.808364,-4.7513404,-2.8975737,-2.9795814,-3.3891068,-1.909605,-1.3491577,0.66363996,1.9703888,2.4124346,1.1957061,-0.20151366,-1.3130829,-2.0381885,-1.9272438,-0.98384684,0.29996032,-0.20700502,-0.85966593,-0.5259205,0.59935313,0.926591,0.3216406,0
128,2,-482.03833,39.43222,9.655892,12.772255,2.331419,7.3797116,-0.39670435,2.4246204,-2.75415,-2.3024564,-2.4520884,-2.6914217,-5.728017,-3.7679605,-3.4962952,-5.833574,-4.0306377,-5.2884145,-4.338222,-3.2729173,-4.2326612,-3.5576274,-1.8405852,-0.86691886,1.5209477,2.9618711,3.3964643,1.9284813,0.5176975,-1.4754525,-0.7801745,0.0148823075,0.9300619,0.40310735,-1.8059433,-0.93183064,0.078682914,0.38407025,0.32760218,-1.0636789,0
129,3,-437.28137,47.678055,9.68885,10.396519,-1.8213764,5.775418,-3.7207549,-0.066006824,-3.4446676,-2.5109024,-2.013631,-4.001799,-6.1147447,-3.4694824,-4.6402745,-6.8115864,-4.270129,-6.4520583,-5.0249624,-4.1503887,-5.2204638,-3.1077807,-0.37365413,0.628782,1.5512853,3.2084029,2.015446,-0.19824772,-0.098042384,-1.0011115,-0.14799054,-1.0239141,-0.053651016,-0.5310633,-0.9497843,0.66800106,-0.51505095,-0.5267083,-0.22459581,-1.0193002,0
130,4,-434.74417,56.036648,5.056889,12.003147,-1.0428706,6.5701866,-5.1560426,-3.0792546,-2.5728147,-2.4361198,-3.74704,-5.414118,-7.2991834,-2.590557,-3.2918594,-7.1243634,-3.6571763,-5.1985755,-4.2753296,-3.8720946,-5.006329,-3.6898618,-1.9389246,-1.7399493,0.541482,3.2394333,3.7298198,3.1748073,3.8390803,0.5685707,-1.443213,-1.3714756,-0.17442389,0.99496764,-0.5805458,-0.82675564,-1.2187308,-0.44673437,0.30570006,-0.47682503,0
131,5,-451.3051,52.932587,12.575807,13.642747,-0.01924955,8.68644,-3.4688857,0.35696658,-2.903237,-2.8023562,-2.3335857,-5.3157663,-6.4468837,-3.6206796,-5.7950106,-6.5924015,-4.6684117,-6.627952,-4.517673,-3.8639996,-2.5592158,-0.42493147,2.460142,1.7865477,0.7458977,-0.77957755,-2.4631464,-3.3763094,-2.1010633,0.23930116,0.058802914,-1.6205256,-1.5219816,-1.17896,0.20904687,1.3108826,-0.87029326,-0.99940395,0.5597235,1.2373087,0
132,6,-416.53616,82.33917,16.50077,24.071684,-1.9571337,5.554618,-6.219808,3.547944,-8.006883,-4.8126497,-6.09753,-6.0670967,-5.3370647,-1.095062,-3.3957787,-6.184325,-1.6063589,-7.4137545,-4.983257,-4.76986,-5.841343,-4.2487397,-0.8174011,-2.5132675,0.3171382,2.8503935,1.733582,2.308292,1.0757656,-1.7818965,-1.2826022,-1.1460837,-0.60642385,-0.9144499,-2.713279,-0.6792927,-1.4308596,-1.0083262,-0.17831218,-1.83768,0
133,7,-492.3278,44.36526,9.85737,15.098424,0.7858051,10.762159,-0.91592103,2.5749826,-2.1251163,-1.342968,-2.4980648,-4.2261267,-4.663003,-3.22967,-4.6829157,-5.830044,-3.6749508,-6.3334427,-3.7756937,-2.695476,-0.82078433,3.126198,3.6649773,1.8158375,-0.3490724,-2.3432968,-2.8721583,-2.6077335,-0.73725325,-0.19515085,-0.4380989,-1.7028244,-0.13081805,0.81381357,0.46027327,0.55950725,-1.1468248,-0.10332401,1.1312598,0.7871562,0
134,8,-495.19202,73.58276,8.713993,11.10316,-4.272257,9.748538,-7.111119,-2.0580106,-6.13281,-3.4824927,-2.20182,-7.495827,-7.43271,-5.27587,-5.354866,-7.6429057,-4.2216825,-6.473299,-4.4182158,-4.813552,-5.03938,-1.347743,-0.052571222,0.86805516,3.319625,5.016356,3.7770913,2.0675936,-1.9162865,-2.053165,-0.3980892,-0.7747114,1.9931847,-0.6191393,-1.4755598,-0.8655628,-0.40926284,1.4273504,-0.8300266,-0.8979272,0
135,9,-468.70993,70.027626,11.553196,14.533963,-1.8999709,10.856305,-4.0168567,2.3400035,-6.0245275,-5.9486446,-3.7448647,-6.528362,-7.097442,-3.5281284,-4.5443134,-7.126708,-2.6606925,-6.395185,-4.830748,-6.068154,-5.409173,-3.3378577,-2.6658316,1.332179,3.1882377,5.0252743,3.8065622,1.2525436,-3.2301805,-3.0138712,0.009862665,-0.70400316,1.665503,-1.9138391,-2.3513255,-0.53333616,-0.11566671,0.32614577,-1.8219999,-1.906769,0
136,10,-505.9553,46.79511,14.434322,15.525494,1.3577482,9.575668,0.46194082,-0.43054247,-3.196621,-2.1767118,-3.9866426,-4.0602775,-5.588472,-4.703371,-3.7600408,-4.99501,-4.395907,-6.4703746,-4.0811768,-3.8962972,-3.4307923,-1.6569934,-0.17204742,0.04323895,-0.17090243,0.50534236,0.7129107,0.007471022,-0.29063797,0.02656743,-0.34581745,-1.2490127,0.3246085,0.3732227,-0.26993948,-0.5192777,-0.9803823,-0.051141884,0.3880015,0.043095693,0
137,11,-492.52963,57.941895,13.882269,14.597352,1.387953,8.546047,-4.8106174,-0.35286665,-6.1401854,-5.9056463,-4.0493727,-4.725172,-6.9332566,-5.2726374,-4.133357,-5.905738,-4.169203,-6.505191,-3.8185203,-5.384695,-4.4458356,-2.3718858,-1.9987735,-0.94412726,0.17180288,1.7465738,1.8438386,2.2983608,0.22060488,0.1393702,-0.27101123,-1.9544506,-0.022760728,-0.9551777,-0.26708403,0.6917475,-0.1322346,0.20592017,-0.0903396,0.5372887,0
138,12,-458.68008,76.75965,21.643236,18.57964,-0.19344763,9.84262,-6.6313195,0.24123363,-7.8731565,-6.253747,-3.4123874,-6.0224814,-8.740193,-5.7259717,-5.0016503,-6.586004,-4.0201664,-8.070883,-4.2516,-4.5709434,-4.8149047,-1.9259157,-0.714099,0.47880107,1.6586939,2.8387637,1.9664268,0.99969316,-1.0603437,-2.461657,-0.67094696,-1.3092663,0.77046293,-0.3524638,-2.0739264,-0.7299167,-1.4809324,-0.08705496,-0.6788473,-1.6489421,0
139,13,-425.5493,67.299614,10.839256,6.385681,-3.4269052,4.1283145,-4.593872,-1.9203902,-4.4042106,-4.582488,-2.9690435,-5.0398674,-6.6198654,-4.080307,-4.66089,-7.2959685,-4.5638337,-5.32325,-3.5388286,-2.7908921,-2.623316,0.25004706,0.60712564,0.7065413,2.0748339,1.8276201,0.5050121,-1.9624021,-2.5234444,-2.0609512,-0.5424675,-0.9824402,-0.6102551,-0.678711,-1.0317101,0.883255,-0.47715217,0.06413351,-0.488316,-0.7801362,0
140,14,-473.18253,59.819164,12.301808,17.6495,2.2012484,10.323644,-3.9327052,1.9545687,-4.2382164,-3.7348938,-4.0675144,-4.7037506,-4.524286,-3.7389061,-4.2533894,-4.86983,-3.1239161,-6.136367,-3.4704595,-4.0743356,-4.06024,-3.376225,-0.92458147,-1.2397215,-0.9548978,0.41604087,-0.54662585,-0.43441442,-1.0232006,-0.9866511,-0.9380753,-1.094409,0.08799289,-0.4596199,-0.109343894,0.89094675,0.08829375,0.14031619,-0.2257064,-0.117269196,0
141,15,-464.6028,71.346855,20.159285,17.54529,1.9522461,9.326056,-5.7667336,0.6439391,-4.3712435,-5.672146,-4.9875565,-5.971792,-5.4399223,-4.478438,-3.8466992,-5.971143,-3.587024,-5.222593,-3.0807893,-3.8393776,-4.924428,-3.867404,-3.325493,-2.4657478,-0.93119824,0.77990806,1.0376017,1.5027384,-0.030651387,-1.2098787,-0.645066,-1.2643713,0.67901015,0.6895235,-0.06565528,0.3805031,-0.37365735,0.29117107,-0.298464,-1.134816,0
142,16,-471.64273,54.48337,10.305949,11.705796,-1.1229239,8.69558,-4.5299177,1.0336127,-5.971224,-5.8975534,-2.6616714,-5.4664187,-7.20282,-4.0319242,-4.322705,-7.4000635,-4.9333763,-6.02894,-2.9707303,-3.6317759,-3.2707813,-0.23268057,-0.9301345,0.15894823,0.5892011,0.20216605,0.5478077,0.22205718,-0.8185825,-0.8543188,-0.17141548,-1.4690017,0.3576774,-0.19591117,-0.09253458,0.0072449315,-0.30146438,1.2137785,0.54321873,0.74042135,0
143,17,-435.09036,48.834335,9.317514,10.69963,-1.1650052,7.9354935,-6.000701,-0.45832115,-4.7638264,-4.826009,-3.4270055,-3.02088,-5.528978,-5.2848725,-3.9153636,-5.626164,-2.8895676,-6.2721176,-2.6457653,-2.332762,-3.4483209,-1.0842464,-2.0990925,-2.0449438,-0.7359782,-0.056063462,0.20756122,-0.22568251,-0.74171877,-0.45580512,-0.12008098,-0.8083348,0.2761116,-0.06118798,0.1416619,-0.046962738,-0.40686896,0.87928396,0.41740388,0.32506794,0
144,18,-459.64764,73.392426,19.63388,15.215789,0.1475276,12.678273,-3.061999,-1.5133858,-6.9184737,-4.6898456,-3.8503845,-5.0628614,-6.5826397,-5.1607275,-4.5829334,-8.150054,-4.720933,-6.464432,-5.1325507,-4.050107,-3.0552025,-0.47722578,-0.3933399,-0.6224896,0.1366833,1.9414409,2.9408095,0.77076626,-1.3769592,-2.9211283,-2.4530141,-1.6666362,0.078769006,-0.38191468,-2.5061727,-1.8003701,-0.56152123,0.9439976,-0.060013704,-1.7175981,0
145,19,-450.08276,71.95427,14.67637,11.795885,-3.8643136,7.7711606,-6.0915856,-0.31276068,-6.263834,-8.655886,-4.8418813,-6.125618,-8.995811,-5.85057,-4.4575496,-8.101556,-3.8730876,-8.529996,-4.614835,-4.8046646,-5.652064,-1.2492634,-2.3977745,0.17281106,1.4615512,3.8521333,5.012856,5.3417583,2.0782974,-1.4123052,-1.5336553,-2.8242037,0.12865981,-0.78516304,-0.8436405,-0.8149236,-1.4536868,-0.21838605,-0.87981045,-0.52259487,0
146,20,-495.39743,59.336983,10.17444,19.032917,0.58805776,10.433991,-3.6012073,2.6432638,-5.6319504,-2.4419065,-2.043482,-4.224051,-5.525027,-3.313464,-2.9979656,-6.835988,-3.072556,-6.6898346,-4.1439323,-5.7219486,-3.4151223,-0.82355666,-0.42707953,2.4245298,2.9990757,2.1706085,0.4139277,0.25540036,-1.9682008,-1.6818985,-0.35514584,-0.7670159,0.7585031,-0.85307294,-1.2656037,0.019891592,-0.17304757,0.040611032,-0.754573,-0.97322404,0
